Kliver.json	6.801223	49.17048	7.266942	49.424374	Kliver Flözkarte ~1890	Kliver.htm	Germany
bg1918.json	4.7752562	50.659144	6.1238252	51.3041072	Belgien 1918	bg1918.htm	Belgium
Belgrad1940.json	20.3646063	44.74092	20.51498071	44.85810463	Belgrad 1940	Belgrad1940.htm	Serbia
Berlin_1907.json	13.13085577	52.3805857	13.6124735	52.60347298	Berlin 1907	Berlin_1907.htm	Germany	